{
    "vertices":[1.83632,5.38463,-2.4,1.83632,5.38463,2.4,-1.4,5.38463,2.4,-1.4,5.38463,-2.4,1.83632,1.78463,-2.4,1.83632,1.78463,2.4,-1.4,1.78463,2.4,-1.4,1.78463,-2.4,1.83632,3.58463,-2.4,1.83632,3.58463,2.4,-1.4,3.58463,2.4,-1.4,3.57523,-2.4,1.83632,-0.0153724,-2.4,1.83632,-0.0153722,2.4,-1.4,-0.0153722,2.4,-1.4,-0.0153724,-2.4,1.83632,5.38463,9.56723e-07,-1.4,5.38463,-7.12207e-07,-1.4,1.78463,-7.93264e-07,1.83632,1.78463,3.98829e-07,-1.4,3.58463,-6.33526e-07,1.83632,3.58463,7.96985e-07,1.83632,-0.0153723,2.39091e-07,-1.4,-0.0153723,-4.76165e-07,1,5.38463,-2.4,0.999999,5.38463,2.4,1,1.78463,-2.4,0.999999,1.78463,2.4,1,3.58463,-2.4,0.999999,3.58463,2.4,1,-0.0153722,2.4,1,-0.0153724,-2.4,1,5.38463,1.22258e-07,1,2.68463,-2.4,-1.4,2.68463,-2.4,-1.4,3.32463,-3.4,-1.4,1.78463,-3.4,-1.4,2.68463,-3.4,1,2.68463,-3.4,1,1.78463,-3.4,-0.2,1.78463,-2.4,-0.2,1.78463,-3.4,0.104376,2.68463,-3.4,-1.07564,3.00293,-3.4,-0.212832,-0.0153723,-4.76165e-07,-0.2,5.38463,-2.4,-0.200001,5.38463,2.4,-0.200001,1.78463,2.4,-0.199999,3.58463,-2.4,-0.200001,3.58463,2.4,-0.200001,-0.0153722,2.4,-0.199999,-0.0153724,-2.4,0.974336,-0.0153723,-4.76165e-07,-0.2,5.38463,-2.94974e-07,-0.2,2.68463,-2.4],
    "uvs":[[0.485019,0.152719,0.438528,0.152719,0.438528,0.0422069,0.485019,0.0422068,0.159587,0.207974,0.159587,0.290858,0.0666066,0.290858,0.0666066,0.207974,0.113097,0.456626,0.113097,0.53951,0.0666066,0.53951,0.0666066,0.456626,0.345548,0.207974,0.345548,0.290858,0.252568,0.290858,0.252568,0.207542,0.345548,0.0422068,0.345548,0.125091,0.252568,0.125091,0.252568,0.0422068,0.113097,0.290858,0.113097,0.373742,0.0666066,0.373742,0.159587,0.0422068,0.159587,0.125091,0.0666066,0.125091,0.0666066,0.0422068,0.771793,0.545286,0.771733,0.719087,0.655865,0.719955,0.655925,0.545246,0.252568,0.166533,0.386329,0.528756,0.386329,0.476158,0.532776,0.477724,0.532776,0.528756,0.890888,0.32668,0.890888,0.495457,0.77837,0.495457,0.665853,0.495457,0.665853,0.32668,0.77837,0.32668,0.252567,0.125091,0.252567,0.207974,0.438528,0.125091,0.438528,0.207974,0.438528,0.0422068,0.438528,0.290858,0.252567,0.290858,0.485019,0.26323,0.438529,0.26323,0.239882,0.528756,0.239882,0.477725,0.56391,0.26323,0.531509,0.26323,0.531509,0.152719,0.56391,0.152719,0.969305,0.32668,0.969305,0.495457,0.191988,0.373742,0.191988,0.456626,0.159587,0.456626,0.159587,0.373742,0.968413,0.545353,0.968353,0.719155,0.887601,0.719127,0.887661,0.545326,0.191988,0.290858,0.967903,0.788494,0.967895,0.961758,0.887393,0.961754,0.887397,0.875122,0.887401,0.78849,0.191988,0.53951,0.159587,0.53951,0.531509,0.0422068,0.563909,0.0422068,0.298046,0.732201,0.175546,0.732201,0.175546,0.639922,0.298046,0.639922,0.0543246,0.732201,0.0884331,0.639922,0.670438,0.284759,0.670438,0.0578819,0.970438,0.0578819,0.970438,0.284759,0.217659,0.732201,0.380993,0.732201,0.380993,0.824479,0.217659,0.824479,0.0543246,0.824479,0.0543246,0.90753,0.17623,0.90753,0.380993,0.90753,0.380993,0.82448,0.380993,0.96659,0.336844,0.936903,0.771888,0.875117,0.656378,0.875111,0.656382,0.789384,0.771892,0.788485,0.386329,0.403718,0.532776,0.404501,0.239882,0.404501,0.239882,0.331278,0.386329,0.331277,0.532776,0.331277,0.771884,0.961749,0.656374,0.961743]],
    "faces":[41,53,17,2,46,0,1,2,3,0,0,0,0,41,21,16,1,9,4,5,6,7,1,1,1,1,41,49,46,2,10,8,9,10,11,2,2,2,2,41,20,17,3,11,12,13,14,15,3,3,3,3,41,23,18,7,15,16,17,18,19,4,4,4,4,41,50,47,6,14,20,21,22,6,5,5,5,5,41,22,19,5,13,23,24,25,26,6,6,6,6,41,45,48,11,3,27,28,29,30,7,7,7,7,40,7,18,20,18,17,12,8,8,8,40,20,11,34,12,15,31,9,9,9,40,20,34,7,12,31,18,10,10,10,41,47,49,10,6,21,8,11,22,11,11,11,11,41,19,21,9,5,24,4,7,25,12,12,12,12,41,22,52,31,12,32,33,34,35,13,13,13,13,40,40,26,31,41,36,37,14,14,14,40,51,15,7,38,39,40,15,15,15,40,40,31,51,41,37,38,16,16,16,40,51,7,40,38,40,41,14,14,14,41,4,8,21,19,42,43,4,24,17,17,17,17,41,6,10,20,18,44,45,12,17,18,18,18,18,41,12,4,19,22,19,42,24,23,19,19,19,19,41,14,6,18,23,46,44,17,16,20,20,20,20,41,10,2,17,20,45,47,13,12,21,21,21,21,41,8,0,16,21,43,48,5,4,22,22,22,22,41,45,3,17,53,49,50,1,0,0,0,0,0,41,22,13,30,52,32,51,52,33,23,23,23,23,41,0,24,32,16,53,54,55,56,0,0,0,0,41,4,12,31,26,57,58,37,36,24,24,24,24,41,5,9,29,27,59,60,61,62,25,25,25,25,41,0,8,28,24,63,64,65,66,26,26,26,26,41,13,5,27,30,67,59,62,5,27,27,27,27,40,28,8,4,72,68,69,28,28,28,40,4,26,33,69,70,71,29,29,29,40,4,33,28,69,71,72,30,30,30,41,9,1,25,29,60,73,74,61,31,31,31,31,41,16,32,25,1,56,55,75,76,0,0,0,0,41,7,34,37,36,77,78,79,80,32,32,32,32,41,34,11,35,37,78,81,82,79,32,32,32,32,41,33,26,39,38,83,84,85,86,33,33,33,33,41,40,7,36,41,87,88,89,90,34,34,34,34,41,39,26,40,41,91,81,87,90,34,34,34,34,41,38,39,41,42,92,91,90,93,35,35,35,35,41,37,42,41,36,94,93,90,95,36,36,36,36,41,37,35,43,42,94,96,97,93,37,37,37,37,41,54,34,11,48,98,99,100,101,38,38,38,38,41,33,54,48,28,71,98,101,72,39,39,39,39,41,31,52,44,51,34,33,102,103,40,40,40,40,41,24,45,53,32,54,49,0,55,0,0,0,0,41,50,14,23,44,104,105,106,102,41,41,41,41,41,27,29,49,47,62,61,8,21,42,42,42,42,41,24,28,48,45,66,65,28,27,43,43,43,43,41,30,27,47,50,5,62,21,20,44,44,44,44,41,52,30,50,44,33,52,104,102,45,45,45,45,41,29,25,46,49,61,74,9,8,46,46,46,46,41,32,53,46,25,55,0,3,75,0,0,0,0,41,23,15,51,44,106,107,103,102,40,40,40,40,41,40,7,34,54,108,109,99,98,47,47,47,47,41,40,54,33,26,108,98,71,70,48,48,48,48],
    "normals":[0,1,0,1,1.32455e-07,4.96705e-07,-3.97364e-07,1.32455e-07,1,-1,-1.98165e-07,-2.47965e-07,-1,-6.62274e-08,-2.48353e-07,-1.98682e-07,1.32455e-07,1,1,6.62273e-08,2.48353e-07,1.98682e-07,1.96859e-14,-1,-1,1.76317e-14,-1.98682e-07,-1,5.31884e-14,-1.98682e-07,-1,0,-1.98682e-07,-2.98023e-07,6.62274e-08,1,1,6.62273e-08,3.47694e-07,-3.48654e-14,-1,4.96705e-08,1.98682e-07,1.32455e-07,-1,1.98682e-07,1.32455e-07,-1,1.98682e-07,1.32455e-07,-1,1,-1.32455e-07,2.98023e-07,-1,-6.62274e-08,-2.48353e-07,1,-6.62274e-08,1.49012e-07,-1,-2.63164e-14,-1.98682e-07,-1,-1.98682e-07,-2.48353e-07,1,-6.62274e-08,4.47035e-07,-3.48653e-14,-1,4.96705e-08,5.70162e-07,1.32455e-07,-1,-9.97783e-07,-6.62275e-08,1,7.12702e-07,-6.62274e-08,-1,-7.12702e-07,-6.62275e-08,1,5.70162e-07,2.64909e-07,-1,5.70162e-07,2.6491e-07,-1,5.70162e-07,2.64909e-07,-1,-1.28286e-06,-6.62276e-08,1,-1,0,0,1,-1.32455e-07,0,0,-1,0,3.41309e-07,3.3965e-07,-1,2.64481e-07,8.77317e-08,-1,4.43402e-07,2.97194e-07,-1,2.97502e-07,1.3315e-07,-1,2.98023e-07,1.32455e-07,-1,-4.96085e-15,-1,4.96705e-08,-4.96085e-15,-1,4.96705e-08,-3.97364e-07,-5.26328e-14,1,2.98023e-07,-6.62274e-08,-1,-2.98023e-07,6.62273e-08,1,-4.96085e-15,-1,4.96705e-08,-4.96705e-07,6.62273e-08,1,2.98023e-07,1.32455e-07,-1,1.98682e-07,2.6491e-07,-1],
    "metadata":{
        "uvs":1,
        "version":3,
        "vertices":55,
        "generator":"io_three",
        "type":"Geometry",
        "normals":49,
        "faces":58
    }
}