{
    "vertices":[0.493738,-4.37114e-08,-1,0.493738,4.37114e-08,1,-0.493738,4.37114e-08,1,-0.493738,-4.37114e-08,-1,0.493738,0.0773181,-1,0.493738,0.0773182,1,-0.493738,0.0773182,1,-0.493738,0.0773181,-1,0.456731,0.0773181,-0.954008,0.45673,0.0773182,0.954009,-0.456731,0.0773182,0.954009,-0.456731,0.0773181,-0.954009,0.456731,0.0773181,-0.954008,0.45673,0.0773182,0.954009,-0.456731,0.0773181,-0.954009,-0.456731,0.0773182,0.954009],
    "faces":[41,0,1,2,3,0,1,2,3,0,0,0,0,41,6,5,9,10,4,5,6,7,1,1,1,1,41,0,4,5,1,0,8,5,1,2,2,2,2,41,1,5,6,2,1,5,4,2,3,3,3,3,41,2,6,7,3,2,4,9,3,4,4,4,4,41,4,0,3,7,8,0,3,9,5,5,5,5,41,10,9,13,15,7,6,10,11,6,6,6,6,41,5,4,8,9,5,8,12,6,7,7,7,7,41,7,6,10,11,9,4,7,13,8,8,8,8,41,4,7,11,8,8,9,13,12,9,9,9,9,41,12,14,15,13,14,15,16,17,10,10,10,10,41,9,8,12,13,6,12,18,10,6,6,6,6,41,11,10,15,14,13,7,11,19,6,6,6,6,41,8,11,14,12,12,13,19,18,6,6,6,6],
    "metadata":{
        "vertices":16,
        "generator":"io_three",
        "uvs":1,
        "type":"Geometry",
        "version":3,
        "faces":14,
        "normals":11
    },
    "normals":[0,-1,4.37114e-08,0,1,-0,1,3.8545e-07,1.3411e-07,-6.03606e-07,-3.0836e-06,1,-1,-1.5418e-06,-1.19209e-07,4.22524e-07,5.3963e-06,-1,0,0,0,0,1,-4.57557e-08,0,1,-4.57557e-08,0,1,0,4.07678e-14,1,-4.68586e-08],
    "uvs":[[0.861739,0.4694,0.142505,0.467669,0.138262,0.153265,0.857493,0.155001,0.102066,0.11538,0.10508,0.504867,0.0935684,0.527176,0.0896636,0.096986,0.897934,0.507285,0.894917,0.117804,0.0854403,0.537242,0.0820864,0.0854225,0.910336,0.525678,0.906426,0.095502,0.282453,0.898678,0.282453,0.691166,0.715899,0.691166,0.715899,0.898678,0.917914,0.537242,0.914553,0.0854361]]
}